city,overall_rate
چالوس,4.67
شیرگاه,4.66
متل قو,4.66
کردان,4.65
سوادکوه,4.59
قشم,4.57
تالش/هشتپر,4.56
ماسال,4.555
رامسر,4.55
رشت,4.54
محمودآباد,4.539999999999999
ساری,4.53
یزد,4.5
نوشهر,4.44
کاشان,4.43
اصفهان,4.43
قم,4.41
تهران,4.4
بندرانزلی,4.4
بابلسر,4.4
فومن,4.39
سرخرود,4.26
گرگان,4.25
کیش,4.234999999999999
شیراز,4.225
مشهد,4.215
تنکابن/شهسوار,4.17
کلاردشت,3.92
لاهیجان,3.91
تبریز,3.86
اسالم,0.0
