city,overall_rate
اسالم,0.0
اصفهان,4.43
بابلسر,4.4
بندرانزلی,4.4
رامسر,4.55
رشت,4.54
ساری,4.53
سرخرود,4.26
سوادکوه,4.59
شیراز,4.225
شیرگاه,4.66
تالش/هشتپر,4.56
تبریز,3.86
تنکابن/شهسوار,4.17
تهران,4.4
فومن,4.39
قشم,4.57
قم,4.41
لاهیجان,3.91
نوشهر,4.44
ماسال,4.555
محمودآباد,4.539999999999999
مشهد,4.215
متل قو,4.66
کاشان,4.43
کردان,4.65
کلاردشت,3.92
کیش,4.234999999999999
گرگان,4.25
چالوس,4.67
یزد,4.5
